OrderNumber;OrderDate;ShipDate;CustomerStateID;ProductID;Quantity;UnitPrice;DiscountAmount;PromotionCode
TT00017434;2018-01-01;2018-01-09;14;3;1;69.95;0.00;NULL
TT00017445;2018-01-02;2018-01-04;13;3;1;69.95;0.00;NULL
TT00017456;2018-01-06;2018-01-09;35;3;1;69.95;0.00;NULL
TT00017467;2018-01-08;2018-01-11;3;3;1;69.95;0.00;NULL
TT00017478;2018-01-08;2018-01-10;5;3;1;69.95;0.00;NULL
TT00017489;2018-01-09;2018-01-12;40;3;1;69.95;7.00;SALE2018-01
TT00017490;2018-01-09;2018-01-11;33;3;1;69.95;0.00;NULL
TT00017501;2018-01-11;2018-01-14;23;13;1;308.95;0.00;NULL
TT00017512;2018-01-11;2018-01-13;14;3;1;69.95;0.00;NULL
TT00017523;2018-01-11;2018-01-13;9;3;1;69.95;0.00;NULL
TT00017534;2018-01-12;2018-01-15;5;3;1;69.95;0.00;NULL
TT00017545;2018-01-15;2018-01-17;20;3;1;69.95;0.00;NULL
TT00017556;2018-01-15;2018-01-17;32;3;1;69.95;0.00;NULL
TT00017567;2018-01-16;2018-01-19;22;13;1;308.95;0.00;NULL
TT00017578;2018-01-16;2018-01-17;26;13;1;308.95;0.00;NULL
TT00017589;2018-01-17;2018-01-18;13;13;1;308.95;0.00;NULL
TT00017590;2018-01-18;2018-01-21;20;3;1;69.95;0.00;NULL
TT00017601;2018-01-18;2018-01-21;26;13;1;308.95;0.00;NULL
TT00017612;2018-01-18;2018-01-19;13;13;1;308.95;0.00;NULL
TT00017623;2018-01-18;2018-01-20;30;3;1;69.95;0.00;NULL
TT00017634;2018-01-19;2018-01-21;14;3;1;69.95;0.00;NULL
TT00017645;2018-01-19;2018-01-22;12;3;1;69.95;0.00;NULL
TT00017656;2018-01-19;2018-01-22;22;13;1;308.95;0.00;NULL
TT00017667;2018-01-19;2018-01-22;13;3;1;69.95;0.00;NULL
TT00017678;2018-01-19;2018-01-21;35;3;1;69.95;0.00;NULL
TT00017689;2018-01-20;2018-01-26;21;3;1;69.95;0.00;NULL
TT00017690;2018-01-20;2018-01-22;26;13;1;308.95;0.00;NULL
TT00017701;2018-01-20;2018-01-23;5;3;1;69.95;0.00;NULL
TT00017712;2018-01-21;2018-01-23;32;3;1;69.95;0.00;NULL
TT00017723;2018-01-22;2018-01-25;23;13;1;308.95;0.00;NULL
TT00017734;2018-01-23;2018-01-26;32;3;1;69.95;0.00;NULL
TT00017745;2018-01-26;2018-01-28;14;13;1;308.95;0.00;NULL
TT00017756;2018-01-27;2018-01-30;23;13;1;308.95;0.00;NULL
TT00017767;2018-01-28;2018-01-31;14;13;1;308.95;0.00;NULL
TT00017778;2018-01-28;2018-01-31;35;3;1;69.95;0.00;NULL
TT00017789;2018-01-28;2018-01-30;14;13;1;308.95;0.00;NULL
TT00017790;2018-01-29;2018-02-01;20;3;1;69.95;0.00;NULL
TT00017801;2018-01-31;2018-02-02;40;3;1;69.95;7.00;SALE2018-01
TT00017812;2018-02-01;2018-02-03;18;3;1;69.95;0.00;NULL
TT00017823;2018-02-01;2018-02-03;25;6;1;258.95;0.00;NULL
TT00017834;2018-02-01;2018-02-04;39;9;1;138.95;0.00;NULL
TT00017845;2018-02-01;2018-02-09;13;6;1;258.95;0.00;NULL
TT00017856;2018-02-01;2018-02-04;37;3;1;69.95;0.00;NULL
TT00017867;2018-02-01;2018-02-04;5;3;1;69.95;0.00;NULL
TT00017878;2018-02-01;2018-02-07;4;10;1;154.95;0.00;NULL
TT00017889;2018-02-01;2018-02-02;4;6;1;258.95;0.00;NULL
TT00017890;2018-02-01;2018-02-04;32;5;1;99.95;4.00;SALE2018-02
TT00017901;2018-02-01;2018-02-04;43;9;1;138.95;5.60;SALE2018-02
TT00017912;2018-02-01;2018-02-09;22;3;1;69.95;0.00;NULL
TT00017923;2018-02-01;2018-02-02;33;3;1;69.95;0.00;NULL
TT00017934;2018-02-01;2018-02-04;37;6;1;258.95;25.90;SALE2018-02
TT00017945;2018-02-01;2018-02-03;33;6;1;258.95;0.00;NULL
TT00017956;2018-02-01;2018-02-03;11;10;1;154.95;0.00;NULL
TT00017967;2018-02-01;2018-02-03;5;11;1;168.95;0.00;NULL
TT00017978;2018-02-01;2018-02-08;22;2;1;178.95;0.00;NULL
TT00017989;2018-02-01;2018-02-03;7;10;1;154.95;0.00;NULL
TT00017990;2018-02-01;2018-02-02;5;6;2;258.95;0.00;NULL
TT00018001;2018-02-01;2018-02-04;5;12;1;288.95;0.00;NULL
TT00018012;2018-02-01;2018-02-03;13;12;1;288.95;0.00;NULL
TT00018023;2018-02-01;2018-02-03;10;6;1;258.95;0.00;NULL
TT00018034;2018-02-01;2018-02-07;35;12;1;288.95;0.00;NULL
TT00018045;2018-02-01;2018-02-03;12;3;1;69.95;0.00;NULL
TT00018056;2018-02-01;2018-02-04;9;2;1;178.95;0.00;NULL
TT00018067;2018-02-01;2018-02-03;43;10;1;154.95;0.00;NULL
TT00018078;2018-02-01;2018-02-08;30;2;1;178.95;0.00;NULL
TT00018089;2018-02-01;2018-02-07;5;12;1;288.95;0.00;NULL
TT00018090;2018-02-01;2018-02-03;9;3;1;69.95;0.00;NULL
TT00018101;2018-02-01;2018-02-09;27;11;1;168.95;0.00;NULL
TT00018112;2018-02-01;2018-02-03;9;6;1;258.95;10.40;SALE2018-02
TT00018123;2018-02-01;2018-02-04;5;12;1;288.95;0.00;NULL
TT00018134;2018-02-01;2018-02-04;5;3;1;69.95;0.00;NULL
TT00018145;2018-02-01;2018-02-03;22;18;1;119.95;0.00;NULL
TT00018156;2018-02-01;2018-02-04;5;3;1;69.95;0.00;NULL
TT00018167;2018-02-01;2018-02-02;32;11;1;168.95;0.00;NULL
TT00018178;2018-02-01;2018-02-04;3;11;1;168.95;0.00;NULL
TT00018189;2018-02-01;2018-02-03;5;10;1;154.95;0.00;NULL
TT00018190;2018-02-01;2018-02-08;24;12;1;288.95;0.00;NULL
TT00018201;2018-02-01;2018-02-02;13;3;1;69.95;0.00;NULL
TT00018212;2018-02-01;2018-02-04;3;3;1;69.95;0.00;NULL
TT00018223;2018-02-01;2018-02-03;39;12;1;288.95;0.00;NULL
TT00018234;2018-02-02;2018-02-05;5;8;1;168.95;0.00;NULL
TT00018245;2018-02-02;2018-02-05;3;6;1;258.95;0.00;NULL
TT00018256;2018-02-02;2018-02-05;13;9;1;138.95;0.00;NULL
TT00018267;2018-02-02;2018-02-03;22;10;1;154.95;0.00;NULL
TT00018278;2018-02-02;2018-02-04;5;11;1;168.95;0.00;NULL
TT00018289;2018-02-02;2018-02-05;38;11;1;168.95;0.00;NULL
TT00018290;2018-02-02;2018-02-04;44;2;1;178.95;7.20;SALE2018-02
TT00018301;2018-02-02;2018-02-08;5;8;1;168.95;0.00;NULL
TT00018312;2018-02-02;2018-02-04;35;3;1;69.95;0.00;NULL
TT00018323;2018-02-02;2018-02-05;38;12;1;288.95;0.00;NULL
TT00018334;2018-02-02;2018-02-05;20;10;1;154.95;0.00;NULL
TT00018345;2018-02-02;2018-02-03;15;2;1;178.95;0.00;NULL
TT00018356;2018-02-02;2018-02-04;9;12;2;288.95;0.00;NULL
TT00018367;2018-02-02;2018-02-05;22;12;1;288.95;0.00;NULL
TT00018378;2018-02-02;2018-02-09;43;3;1;69.95;0.00;NULL
TT00018389;2018-02-02;2018-02-05;35;12;1;288.95;0.00;NULL
TT00018390;2018-02-02;2018-02-08;48;18;1;119.95;0.00;NULL
TT00018401;2018-02-03;2018-02-06;22;11;1;168.95;0.00;NULL
TT00018412;2018-02-03;2018-02-05;33;2;1;178.95;0.00;NULL
TT00018423;2018-02-03;2018-02-06;19;18;1;119.95;0.00;NULL
TT00018434;2018-02-03;2018-02-10;32;2;1;178.95;0.00;NULL
TT00018445;2018-02-03;2018-02-06;32;12;1;288.95;0.00;NULL
TT00018456;2018-02-03;2018-02-06;38;11;1;168.95;0.00;NULL
TT00018467;2018-02-03;2018-02-10;25;11;1;168.95;0.00;NULL
TT00018478;2018-02-03;2018-02-05;28;18;1;119.95;0.00;NULL
TT00018489;2018-02-03;2018-02-05;14;12;1;288.95;0.00;NULL
TT00018490;2018-02-03;2018-02-04;44;9;1;138.95;0.00;NULL
TT00018501;2018-02-03;2018-02-06;4;8;1;168.95;0.00;NULL
TT00018512;2018-02-03;2018-02-05;21;8;1;168.95;0.00;NULL
TT00018523;2018-02-03;2018-02-06;49;6;1;258.95;0.00;NULL
TT00018534;2018-02-03;2018-02-10;30;3;1;69.95;0.00;NULL
TT00018545;2018-02-03;2018-02-06;14;3;1;69.95;0.00;NULL
TT00018556;2018-02-03;2018-02-04;3;3;1;69.95;0.00;NULL
TT00018567;2018-02-03;2018-02-06;9;8;1;168.95;0.00;NULL
TT00018578;2018-02-03;2018-02-09;9;3;1;69.95;0.00;NULL
TT00018589;2018-02-03;2018-02-05;13;5;1;99.95;0.00;NULL
TT00018590;2018-02-03;2018-02-05;27;9;1;138.95;0.00;NULL
TT00018601;2018-02-03;2018-02-05;3;3;1;69.95;0.00;NULL
TT00018612;2018-02-03;2018-02-05;41;3;1;69.95;0.00;NULL
TT00018623;2018-02-03;2018-02-09;46;2;1;178.95;0.00;NULL
TT00018634;2018-02-03;2018-02-06;5;11;1;168.95;0.00;NULL
TT00018645;2018-02-03;2018-02-06;1;12;1;288.95;0.00;NULL
TT00018656;2018-02-03;2018-02-05;13;3;1;69.95;0.00;NULL
TT00018667;2018-02-03;2018-02-05;5;5;1;99.95;0.00;NULL
TT00018678;2018-02-03;2018-02-05;11;8;1;168.95;0.00;NULL
TT00018689;2018-02-03;2018-02-04;26;5;1;99.95;0.00;NULL
TT00018690;2018-02-03;2018-02-05;22;8;1;168.95;0.00;NULL
TT00018701;2018-02-03;2018-02-05;11;6;1;258.95;0.00;NULL
TT00018712;2018-02-03;2018-02-04;9;11;1;168.95;6.80;SALE2018-02
TT00018723;2018-02-03;2018-02-03;33;12;1;288.95;0.00;NULL
TT00018734;2018-02-03;2018-02-04;32;3;2;69.95;0.00;NULL
TT00018745;2018-02-03;2018-02-05;13;8;1;168.95;0.00;NULL
TT00018756;2018-02-03;2018-02-06;20;3;1;69.95;0.00;NULL
TT00018767;2018-02-04;2018-02-07;16;10;1;154.95;0.00;NULL
TT00018778;2018-02-04;2018-02-06;9;3;1;69.95;0.00;NULL
TT00018789;2018-02-04;2018-02-06;22;10;1;154.95;0.00;NULL
TT00018790;2018-02-04;2018-02-06;32;6;1;258.95;0.00;NULL
TT00018801;2018-02-04;2018-02-05;32;10;1;154.95;0.00;NULL
TT00018812;2018-02-04;2018-02-06;46;5;1;99.95;0.00;NULL
TT00018823;2018-02-04;2018-02-06;29;18;1;119.95;0.00;NULL
TT00018834;2018-02-04;2018-02-05;42;3;1;69.95;0.00;NULL
TT00018845;2018-02-04;2018-02-06;43;5;1;99.95;0.00;NULL
TT00018856;2018-02-04;2018-02-07;43;18;1;119.95;0.00;NULL
TT00018867;2018-02-04;2018-02-07;33;8;1;168.95;0.00;NULL
TT00018878;2018-02-04;2018-02-06;50;10;1;154.95;0.00;NULL
TT00018889;2018-02-04;2018-02-07;35;10;1;154.95;0.00;NULL
TT00018890;2018-02-04;2018-02-07;9;5;1;99.95;0.00;NULL
TT00018901;2018-02-04;2018-02-07;32;6;1;258.95;0.00;NULL
TT00018912;2018-02-04;2018-02-06;11;5;1;99.95;0.00;NULL
TT00018923;2018-02-04;2018-02-07;35;11;1;168.95;0.00;NULL
TT00018934;2018-02-04;2018-02-06;21;3;1;69.95;0.00;NULL
TT00018945;2018-02-04;2018-02-07;35;5;1;99.95;0.00;NULL
TT00018956;2018-02-04;2018-02-07;9;3;2;69.95;0.00;NULL
TT00018967;2018-02-04;2018-02-11;7;3;1;69.95;0.00;NULL
TT00018978;2018-02-04;2018-02-06;13;6;1;258.95;0.00;NULL
TT00018989;2018-02-05;2018-02-08;5;12;1;288.95;0.00;NULL
TT00018990;2018-02-05;2018-02-08;23;3;1;69.95;0.00;NULL
TT00019001;2018-02-05;2018-02-07;34;6;1;258.95;0.00;NULL
TT00019012;2018-02-05;2018-02-08;17;3;1;69.95;0.00;NULL
TT00019023;2018-02-05;2018-02-07;47;3;1;69.95;7.00;SALE2018-02
TT00019034;2018-02-05;2018-02-07;35;8;1;168.95;6.80;SALE2018-02
TT00019045;2018-02-05;2018-02-06;14;3;1;69.95;0.00;NULL
TT00019056;2018-02-05;2018-02-12;32;6;1;258.95;0.00;NULL
TT00019067;2018-02-05;2018-02-07;27;18;1;119.95;0.00;NULL
TT00019078;2018-02-05;2018-02-07;48;6;1;258.95;0.00;NULL
TT00019089;2018-02-05;2018-02-11;24;8;1;168.95;0.00;NULL
TT00019090;2018-02-05;2018-02-08;3;3;1;69.95;0.00;NULL
TT00019101;2018-02-05;2018-02-08;28;3;1;69.95;0.00;NULL
TT00019112;2018-02-05;2018-02-06;19;5;1;99.95;0.00;NULL
TT00019123;2018-02-05;2018-02-08;1;3;1;69.95;0.00;NULL
TT00019134;2018-02-05;2018-02-08;10;12;1;288.95;0.00;NULL
TT00019145;2018-02-05;2018-02-07;17;9;1;138.95;5.60;SALE2018-02
TT00019156;2018-02-05;2018-02-07;10;3;1;69.95;0.00;NULL
TT00019167;2018-02-05;2018-02-08;47;11;1;168.95;0.00;NULL
TT00019178;2018-02-05;2018-02-08;5;12;2;288.95;0.00;NULL
TT00019189;2018-02-05;2018-02-06;25;12;1;288.95;0.00;NULL
TT00019190;2018-02-05;2018-02-06;9;18;1;119.95;0.00;NULL
TT00019201;2018-02-05;2018-02-06;23;9;1;138.95;0.00;NULL
TT00019212;2018-02-05;2018-02-07;47;6;1;258.95;0.00;NULL
TT00019223;2018-02-05;2018-02-07;17;12;1;288.95;0.00;NULL
TT00019234;2018-02-05;2018-02-08;5;6;1;258.95;0.00;NULL
TT00019245;2018-02-05;2018-02-07;9;12;2;288.95;0.00;NULL
TT00019256;2018-02-05;2018-02-11;20;3;1;69.95;0.00;NULL
TT00019267;2018-02-05;2018-02-07;35;12;1;288.95;0.00;NULL
TT00019278;2018-02-05;2018-02-07;40;11;1;168.95;0.00;NULL
TT00019289;2018-02-05;2018-02-08;35;6;1;258.95;0.00;NULL
TT00019290;2018-02-05;2018-02-12;25;2;1;178.95;0.00;NULL
TT00019301;2018-02-05;2018-02-07;14;12;1;288.95;0.00;NULL
TT00019312;2018-02-05;2018-02-06;27;12;1;288.95;0.00;NULL
TT00019323;2018-02-05;2018-02-07;9;2;1;178.95;0.00;NULL
TT00019334;2018-02-05;2018-02-07;24;9;1;138.95;0.00;NULL
TT00019345;2018-02-05;2018-02-12;36;12;1;288.95;11.60;SALE2018-02
TT00019356;2018-02-05;2018-02-07;2;6;1;258.95;0.00;NULL
TT00019367;2018-02-06;2018-02-09;31;3;1;69.95;0.00;NULL
TT00019378;2018-02-06;2018-02-08;5;3;1;69.95;0.00;NULL
TT00019389;2018-02-06;2018-02-08;29;6;1;258.95;0.00;NULL
TT00019390;2018-02-06;2018-02-08;21;8;1;168.95;0.00;NULL
TT00019401;2018-02-06;2018-02-12;48;11;1;168.95;0.00;NULL
TT00019412;2018-02-06;2018-02-08;3;18;1;119.95;0.00;NULL
TT00019423;2018-02-06;2018-02-09;18;2;1;178.95;0.00;NULL
TT00019434;2018-02-06;2018-02-09;15;6;1;258.95;0.00;NULL
TT00019445;2018-02-06;2018-02-08;36;6;1;258.95;0.00;NULL
TT00019456;2018-02-06;2018-02-08;14;18;1;119.95;0.00;NULL
TT00019467;2018-02-06;2018-02-08;31;11;1;168.95;0.00;NULL
TT00019478;2018-02-06;2018-02-08;44;10;1;154.95;0.00;NULL
TT00019489;2018-02-06;2018-02-09;10;6;1;258.95;0.00;NULL
TT00019490;2018-02-06;2018-02-07;5;6;2;258.95;0.00;NULL
TT00019501;2018-02-06;2018-02-14;41;10;1;154.95;0.00;NULL
TT00019512;2018-02-06;2018-02-13;41;18;1;119.95;0.00;NULL
TT00019523;2018-02-06;2018-02-08;45;5;1;99.95;0.00;NULL
TT00019534;2018-02-06;2018-02-07;6;2;1;178.95;7.20;SALE2018-02
TT00019545;2018-02-06;2018-02-08;43;12;1;288.95;28.90;SALE2018-02
TT00019556;2018-02-06;2018-02-08;9;6;1;258.95;10.40;SALE2018-02
TT00019567;2018-02-06;2018-02-08;27;2;1;178.95;0.00;NULL
TT00019578;2018-02-06;2018-02-08;25;5;1;99.95;4.00;SALE2018-02
TT00019589;2018-02-06;2018-02-09;25;12;1;288.95;0.00;NULL
TT00019590;2018-02-06;2018-02-08;7;18;1;119.95;0.00;NULL
TT00019601;2018-02-07;2018-02-13;17;2;1;178.95;0.00;NULL
TT00019612;2018-02-07;2018-02-10;42;11;1;168.95;0.00;NULL
TT00019623;2018-02-07;2018-02-14;3;8;1;168.95;0.00;NULL
TT00019634;2018-02-07;2018-02-10;22;2;1;178.95;0.00;NULL
TT00019645;2018-02-07;2018-02-09;10;3;1;69.95;0.00;NULL
TT00019656;2018-02-07;2018-02-10;15;9;1;138.95;0.00;NULL
TT00019667;2018-02-07;2018-02-13;43;6;1;258.95;10.40;SALE2018-02
TT00019678;2018-02-07;2018-02-09;3;11;1;168.95;0.00;NULL
TT00019689;2018-02-07;2018-02-07;35;3;1;69.95;0.00;NULL
TT00019690;2018-02-07;2018-02-09;29;11;1;168.95;0.00;NULL
TT00019701;2018-02-07;2018-02-08;13;3;1;69.95;0.00;NULL
TT00019712;2018-02-07;2018-02-09;42;3;1;69.95;0.00;NULL
TT00019723;2018-02-07;2018-02-09;21;3;1;69.95;0.00;NULL
TT00019734;2018-02-07;2018-02-09;5;2;1;178.95;0.00;NULL
TT00019745;2018-02-07;2018-02-08;29;12;1;288.95;0.00;NULL
TT00019756;2018-02-07;2018-02-09;9;9;1;138.95;5.60;SALE2018-02
TT00019767;2018-02-07;2018-02-09;50;3;1;69.95;7.00;SALE2018-02
TT00019778;2018-02-07;2018-02-09;23;11;1;168.95;0.00;NULL
TT00019789;2018-02-07;2018-02-09;47;5;1;99.95;10.00;SALE2018-02
TT00019790;2018-02-07;2018-02-08;35;10;1;154.95;0.00;NULL
TT00019801;2018-02-07;2018-02-10;14;5;1;99.95;0.00;NULL
TT00019812;2018-02-07;2018-02-10;5;3;1;69.95;0.00;NULL
TT00019823;2018-02-07;2018-02-09;45;10;1;154.95;0.00;NULL
TT00019834;2018-02-07;2018-02-10;1;2;1;178.95;0.00;NULL
TT00019845;2018-02-07;2018-02-09;36;18;1;119.95;0.00;NULL
TT00019856;2018-02-07;2018-02-10;43;2;1;178.95;0.00;NULL
TT00019867;2018-02-07;2018-02-09;3;3;1;69.95;0.00;NULL
TT00019878;2018-02-07;2018-02-10;45;3;1;69.95;0.00;NULL
TT00019889;2018-02-07;2018-02-10;18;8;1;168.95;0.00;NULL
TT00019890;2018-02-07;2018-02-15;9;10;1;154.95;0.00;NULL
TT00019901;2018-02-07;2018-02-09;5;12;2;288.95;0.00;NULL
TT00019912;2018-02-07;2018-02-10;43;12;1;288.95;28.90;SALE2018-02
TT00019923;2018-02-07;2018-02-09;49;3;1;69.95;0.00;NULL
TT00019934;2018-02-07;2018-02-09;32;12;1;288.95;0.00;NULL
TT00019945;2018-02-07;2018-02-10;45;2;1;178.95;0.00;NULL
TT00019956;2018-02-07;2018-02-08;49;11;1;168.95;0.00;NULL
TT00019967;2018-02-07;2018-02-09;22;10;1;154.95;0.00;NULL
TT00019978;2018-02-08;2018-02-15;43;3;2;69.95;0.00;NULL
TT00019989;2018-02-08;2018-02-10;31;2;1;178.95;0.00;NULL
TT00019990;2018-02-08;2018-02-14;5;3;1;69.95;0.00;NULL
TT00020001;2018-02-08;2018-02-11;1;3;1;69.95;0.00;NULL
TT00020012;2018-02-08;2018-02-10;2;3;1;69.95;0.00;NULL
TT00020023;2018-02-08;2018-02-09;9;3;1;69.95;0.00;NULL
TT00020034;2018-02-08;2018-02-10;36;6;1;258.95;0.00;NULL
TT00020045;2018-02-08;2018-02-10;44;6;1;258.95;0.00;NULL
TT00020056;2018-02-08;2018-02-14;27;8;1;168.95;0.00;NULL
TT00020067;2018-02-08;2018-02-10;1;3;1;69.95;0.00;NULL
TT00020078;2018-02-08;2018-02-15;14;2;1;178.95;0.00;NULL
TT00020089;2018-02-08;2018-02-10;22;13;1;308.95;0.00;NULL
TT00020090;2018-02-08;2018-02-11;14;10;1;154.95;0.00;NULL
TT00020101;2018-02-08;2018-02-11;30;11;1;168.95;0.00;NULL
TT00020112;2018-02-08;2018-02-10;43;10;1;154.95;0.00;NULL
TT00020123;2018-02-08;2018-02-11;20;3;1;69.95;0.00;NULL
TT00020134;2018-02-08;2018-02-10;32;11;1;168.95;0.00;NULL
TT00020145;2018-02-08;2018-02-09;6;3;1;69.95;0.00;NULL
TT00020156;2018-02-08;2018-02-10;5;13;1;308.95;0.00;NULL
TT00020167;2018-02-08;2018-02-11;39;6;1;258.95;0.00;NULL
TT00020178;2018-02-08;2018-02-11;46;12;1;288.95;0.00;NULL
TT00020189;2018-02-08;2018-02-14;10;9;1;138.95;0.00;NULL
TT00020190;2018-02-08;2018-02-10;20;12;1;288.95;0.00;NULL
TT00020201;2018-02-08;2018-02-10;36;3;1;69.95;0.00;NULL
TT00020212;2018-02-08;2018-02-09;23;6;1;258.95;0.00;NULL
TT00020223;2018-02-09;2018-02-12;5;10;1;154.95;0.00;NULL
TT00020234;2018-02-09;2018-02-11;49;18;1;119.95;0.00;NULL
TT00020245;2018-02-09;2018-02-12;5;3;1;69.95;0.00;NULL
TT00020256;2018-02-09;2018-02-15;33;6;1;258.95;0.00;NULL
TT00020267;2018-02-09;2018-02-15;40;10;1;154.95;0.00;NULL
TT00020278;2018-02-09;2018-02-11;46;18;1;119.95;0.00;NULL
TT00020289;2018-02-09;2018-02-16;38;2;1;178.95;0.00;NULL
TT00020290;2018-02-09;2018-02-12;47;12;1;288.95;0.00;NULL
TT00020301;2018-02-09;2018-02-12;10;5;1;99.95;0.00;NULL
TT00020312;2018-02-09;2018-02-10;32;6;1;258.95;0.00;NULL
TT00020323;2018-02-09;2018-02-10;15;3;1;69.95;0.00;NULL
TT00020334;2018-02-09;2018-02-11;40;3;1;69.95;0.00;NULL
TT00020345;2018-02-09;2018-02-11;1;8;1;168.95;0.00;NULL
TT00020356;2018-02-09;2018-02-11;50;6;1;258.95;0.00;NULL
TT00020367;2018-02-09;2018-02-12;10;3;1;69.95;0.00;NULL
TT00020378;2018-02-09;2018-02-11;7;2;1;178.95;7.20;SALE2018-02
TT00020389;2018-02-09;2018-02-11;24;6;1;258.95;0.00;NULL
TT00020390;2018-02-09;2018-02-12;38;12;1;288.95;0.00;NULL
TT00020401;2018-02-09;2018-02-11;5;10;1;154.95;0.00;NULL
TT00020412;2018-02-09;2018-02-11;6;2;1;178.95;7.20;SALE2018-02
TT00020423;2018-02-09;2018-02-12;46;3;1;69.95;0.00;NULL
TT00020434;2018-02-09;2018-02-11;29;9;1;138.95;0.00;NULL
TT00020445;2018-02-09;2018-02-10;26;6;1;258.95;0.00;NULL
TT00020456;2018-02-09;2018-02-12;16;5;1;99.95;0.00;NULL
TT00020467;2018-02-09;2018-02-10;43;8;1;168.95;0.00;NULL
TT00020478;2018-02-09;2018-02-11;20;6;1;258.95;0.00;NULL
TT00020489;2018-02-09;2018-02-11;25;3;1;69.95;0.00;NULL
TT00020490;2018-02-09;2018-02-12;13;3;1;69.95;0.00;NULL
TT00020501;2018-02-09;2018-02-16;41;8;1;168.95;0.00;NULL
TT00020512;2018-02-09;2018-02-12;9;3;1;69.95;0.00;NULL
TT00020523;2018-02-09;2018-02-12;12;11;1;168.95;0.00;NULL
TT00020534;2018-02-09;2018-02-11;39;2;1;178.95;0.00;NULL
TT00020545;2018-02-09;2018-02-11;46;2;1;178.95;0.00;NULL
TT00020556;2018-02-09;2018-02-11;10;6;1;258.95;0.00;NULL
TT00020567;2018-02-09;2018-02-11;32;6;1;258.95;0.00;NULL
TT00020578;2018-02-09;2018-02-11;6;10;1;154.95;0.00;NULL
TT00020589;2018-02-09;2018-02-09;37;12;1;288.95;0.00;NULL
TT00020590;2018-02-09;2018-02-11;25;18;1;119.95;0.00;NULL
TT00020601;2018-02-09;2018-02-12;25;3;1;69.95;0.00;NULL
TT00020612;2018-02-09;2018-02-12;38;10;1;154.95;0.00;NULL
TT00020623;2018-02-09;2018-02-11;50;11;1;168.95;0.00;NULL
TT00020634;2018-02-09;2018-02-11;33;3;1;69.95;0.00;NULL
TT00020645;2018-02-09;2018-02-16;18;12;1;288.95;0.00;NULL
TT00020656;2018-02-10;2018-02-12;5;3;1;69.95;0.00;NULL
TT00020667;2018-02-10;2018-02-13;21;3;1;69.95;0.00;NULL
TT00020678;2018-02-10;2018-02-11;29;3;1;69.95;0.00;NULL
TT00020689;2018-02-10;2018-02-12;10;12;1;288.95;0.00;NULL
TT00020690;2018-02-10;2018-02-12;5;6;1;258.95;0.00;NULL
TT00020701;2018-02-10;2018-02-17;30;3;1;69.95;0.00;NULL
TT00020712;2018-02-10;2018-02-12;13;18;1;119.95;0.00;NULL
TT00020723;2018-02-10;2018-02-13;5;3;1;69.95;0.00;NULL
TT00020734;2018-02-10;2018-02-11;9;11;1;168.95;6.80;SALE2018-02
TT00020745;2018-02-10;2018-02-12;38;6;1;258.95;25.90;SALE2018-02
TT00020756;2018-02-10;2018-02-11;31;6;1;258.95;0.00;NULL
TT00020767;2018-02-10;2018-02-17;14;11;1;168.95;0.00;NULL
TT00020778;2018-02-10;2018-02-12;37;10;1;154.95;0.00;NULL
TT00020789;2018-02-10;2018-02-12;5;6;1;258.95;0.00;NULL
TT00020790;2018-02-10;2018-02-12;32;3;1;69.95;0.00;NULL
TT00020801;2018-02-10;2018-02-13;9;6;1;258.95;10.40;SALE2018-02
TT00020812;2018-02-10;2018-02-13;5;12;1;288.95;0.00;NULL
TT00020823;2018-02-10;2018-02-12;33;6;1;258.95;0.00;NULL
TT00020834;2018-02-10;2018-02-13;20;12;1;288.95;0.00;NULL
TT00020845;2018-02-10;2018-02-11;32;18;1;119.95;0.00;NULL
TT00020856;2018-02-10;2018-02-12;9;11;1;168.95;6.80;SALE2018-02
TT00020867;2018-02-10;2018-02-11;19;2;1;178.95;0.00;NULL
TT00020878;2018-02-10;2018-02-16;33;2;1;178.95;0.00;NULL
TT00020889;2018-02-10;2018-02-13;41;12;1;288.95;0.00;NULL
TT00020890;2018-02-10;2018-02-12;13;12;1;288.95;0.00;NULL
TT00020901;2018-02-11;2018-02-14;10;12;1;288.95;0.00;NULL
TT00020912;2018-02-11;2018-02-14;33;9;1;138.95;0.00;NULL
TT00020923;2018-02-11;2018-02-13;30;18;1;119.95;0.00;NULL
TT00020934;2018-02-11;2018-02-14;20;9;1;138.95;0.00;NULL
TT00020945;2018-02-11;2018-02-14;5;12;1;288.95;0.00;NULL
TT00020956;2018-02-11;2018-02-13;35;11;1;168.95;0.00;NULL
TT00020967;2018-02-11;2018-02-13;24;3;1;69.95;0.00;NULL
TT00020978;2018-02-11;2018-02-13;32;12;2;288.95;0.00;NULL
TT00020989;2018-02-11;2018-02-13;20;3;1;69.95;0.00;NULL
TT00020990;2018-02-11;2018-02-14;9;10;1;154.95;0.00;NULL
TT00021001;2018-02-11;2018-02-13;13;3;1;69.95;0.00;NULL
TT00021012;2018-02-11;2018-02-14;35;2;1;178.95;0.00;NULL
TT00021023;2018-02-11;2018-02-14;36;11;1;168.95;0.00;NULL
TT00021034;2018-02-11;2018-02-12;43;6;1;258.95;10.40;SALE2018-02
TT00021045;2018-02-11;2018-02-13;48;12;1;288.95;28.90;SALE2018-02
TT00021056;2018-02-11;2018-02-14;35;6;1;258.95;0.00;NULL
TT00021067;2018-02-11;2018-02-19;18;12;1;288.95;0.00;NULL
TT00021078;2018-02-11;2018-02-17;5;8;1;168.95;0.00;NULL
TT00021089;2018-02-11;2018-02-13;16;8;1;168.95;0.00;NULL
TT00021090;2018-02-11;2018-02-13;11;3;1;69.95;0.00;NULL
TT00021101;2018-02-11;2018-02-13;38;12;1;288.95;0.00;NULL
TT00021112;2018-02-11;2018-02-13;13;11;1;168.95;0.00;NULL
TT00021123;2018-02-11;2018-02-13;20;11;1;168.95;6.80;SALE2018-02
TT00021134;2018-02-11;2018-02-13;41;11;1;168.95;0.00;NULL
TT00021145;2018-02-12;2018-02-15;26;3;1;69.95;0.00;NULL
TT00021156;2018-02-12;2018-02-13;17;10;1;154.95;0.00;NULL
TT00021167;2018-02-12;2018-02-14;5;11;1;168.95;0.00;NULL
TT00021178;2018-02-12;2018-02-15;24;3;1;69.95;0.00;NULL
TT00021189;2018-02-12;2018-02-14;33;18;1;119.95;4.80;SALE2018-02
TT00021190;2018-02-12;2018-02-15;47;3;1;69.95;7.00;SALE2018-02
TT00021201;2018-02-12;2018-02-15;10;12;1;288.95;0.00;NULL
TT00021212;2018-02-12;2018-02-14;22;3;1;69.95;0.00;NULL
TT00021223;2018-02-12;2018-02-13;48;3;1;69.95;0.00;NULL
TT00021234;2018-02-12;2018-02-15;30;8;1;168.95;0.00;NULL
TT00021245;2018-02-12;2018-02-14;39;3;1;69.95;0.00;NULL
TT00021256;2018-02-12;2018-02-14;21;10;1;154.95;0.00;NULL
TT00021267;2018-02-12;2018-02-14;7;3;1;69.95;0.00;NULL
TT00021278;2018-02-12;2018-02-14;25;9;1;138.95;0.00;NULL
TT00021289;2018-02-12;2018-02-15;5;3;2;69.95;0.00;NULL
TT00021290;2018-02-12;2018-02-13;24;2;1;178.95;0.00;NULL
TT00021301;2018-02-12;2018-02-14;35;6;1;258.95;0.00;NULL
TT00021312;2018-02-12;2018-02-15;6;6;1;258.95;0.00;NULL
TT00021323;2018-02-13;2018-02-15;36;12;1;288.95;11.60;SALE2018-02
TT00021334;2018-02-13;2018-02-15;43;12;1;288.95;28.90;SALE2018-02
TT00021345;2018-02-13;2018-02-21;37;5;1;99.95;0.00;NULL
TT00021356;2018-02-13;2018-02-16;7;5;1;99.95;0.00;NULL
TT00021367;2018-02-13;2018-02-14;49;2;1;178.95;0.00;NULL
TT00021378;2018-02-13;2018-02-20;47;12;1;288.95;0.00;NULL
TT00021389;2018-02-13;2018-02-16;7;3;1;69.95;0.00;NULL
TT00021390;2018-02-13;2018-02-15;43;3;1;69.95;0.00;NULL
TT00021401;2018-02-13;2018-02-15;47;10;1;154.95;0.00;NULL
TT00021412;2018-02-13;2018-02-16;6;6;1;258.95;0.00;NULL
TT00021423;2018-02-13;2018-02-15;1;11;1;168.95;0.00;NULL
TT00021434;2018-02-13;2018-02-15;9;12;1;288.95;0.00;NULL
TT00021445;2018-02-13;2018-02-15;17;11;1;168.95;6.80;SALE2018-02
TT00021456;2018-02-13;2018-02-14;47;12;1;288.95;0.00;NULL
TT00021467;2018-02-13;2018-02-14;14;12;1;288.95;0.00;NULL
TT00021478;2018-02-13;2018-02-15;19;13;1;308.95;12.40;SALE2018-02
TT00021489;2018-02-13;2018-02-15;1;12;1;288.95;0.00;NULL
TT00021490;2018-02-13;2018-02-15;40;12;1;288.95;0.00;NULL
TT00021501;2018-02-13;2018-02-16;9;12;1;288.95;0.00;NULL
TT00021512;2018-02-13;2018-02-14;13;10;1;154.95;0.00;NULL
TT00021523;2018-02-13;2018-02-15;35;3;1;69.95;0.00;NULL
TT00021534;2018-02-13;2018-02-15;14;3;1;69.95;0.00;NULL
TT00021545;2018-02-13;2018-02-16;5;8;1;168.95;0.00;NULL
TT00021556;2018-02-13;2018-02-21;28;3;1;69.95;0.00;NULL
TT00021567;2018-02-13;2018-02-15;5;6;1;258.95;0.00;NULL
TT00021578;2018-02-13;2018-02-14;6;3;1;69.95;0.00;NULL
TT00021589;2018-02-13;2018-02-15;13;6;1;258.95;0.00;NULL
TT00021590;2018-02-13;2018-02-16;24;10;1;154.95;0.00;NULL
TT00021601;2018-02-13;2018-02-20;32;11;1;168.95;0.00;NULL
TT00021612;2018-02-13;2018-02-19;1;2;1;178.95;0.00;NULL
TT00021623;2018-02-13;2018-02-15;15;11;1;168.95;0.00;NULL
TT00021634;2018-02-13;2018-02-15;46;11;1;168.95;0.00;NULL
TT00021645;2018-02-13;2018-02-15;4;2;1;178.95;0.00;NULL
TT00021656;2018-02-13;2018-02-20;8;3;1;69.95;0.00;NULL
TT00021667;2018-02-13;2018-02-14;46;8;1;168.95;0.00;NULL
TT00021678;2018-02-13;2018-02-16;18;3;1;69.95;0.00;NULL
TT00021689;2018-02-13;2018-02-15;5;6;1;258.95;0.00;NULL
TT00021690;2018-02-13;2018-02-20;10;11;1;168.95;0.00;NULL
TT00021701;2018-02-13;2018-02-15;42;18;1;119.95;0.00;NULL
TT00021712;2018-02-13;2018-02-16;31;8;1;168.95;0.00;NULL
TT00021723;2018-02-13;2018-02-14;10;13;1;308.95;0.00;NULL
TT00021734;2018-02-13;2018-02-19;29;10;1;154.95;0.00;NULL
TT00021745;2018-02-13;2018-02-15;3;12;1;288.95;0.00;NULL
TT00021756;2018-02-13;2018-02-15;33;5;1;99.95;0.00;NULL
TT00021767;2018-02-14;2018-02-16;43;12;1;288.95;28.90;SALE2018-02
TT00021778;2018-02-14;2018-02-17;5;10;1;154.95;0.00;NULL
TT00021789;2018-02-14;2018-02-17;31;10;1;154.95;0.00;NULL
TT00021790;2018-02-14;2018-02-15;1;6;1;258.95;0.00;NULL
TT00021801;2018-02-14;2018-02-16;40;18;1;119.95;0.00;NULL
TT00021812;2018-02-14;2018-02-17;17;6;1;258.95;0.00;NULL
TT00021823;2018-02-14;2018-02-15;49;12;1;288.95;0.00;NULL
TT00021834;2018-02-14;2018-02-17;20;6;1;258.95;0.00;NULL
TT00021845;2018-02-14;2018-02-16;18;6;1;258.95;0.00;NULL
TT00021856;2018-02-14;2018-02-16;8;11;1;168.95;0.00;NULL
TT00021867;2018-02-14;2018-02-15;46;3;1;69.95;0.00;NULL
TT00021878;2018-02-14;2018-02-16;13;2;1;178.95;0.00;NULL
TT00021889;2018-02-14;2018-02-16;10;18;1;119.95;0.00;NULL
TT00021890;2018-02-14;2018-02-17;35;8;1;168.95;6.80;SALE2018-02
TT00021901;2018-02-14;2018-02-17;30;10;1;154.95;0.00;NULL
TT00021912;2018-02-14;2018-02-15;9;10;1;154.95;0.00;NULL
TT00021923;2018-02-14;2018-02-21;5;3;1;69.95;0.00;NULL
TT00021934;2018-02-14;2018-02-17;35;6;1;258.95;0.00;NULL
TT00021945;2018-02-14;2018-02-20;9;13;1;308.95;0.00;NULL
TT00021956;2018-02-14;2018-02-17;43;11;1;168.95;16.90;SALE2018-02
TT00021967;2018-02-14;2018-02-17;35;18;1;119.95;0.00;NULL
TT00021978;2018-02-14;2018-02-20;5;18;1;119.95;0.00;NULL
TT00021989;2018-02-14;2018-02-17;47;2;1;178.95;0.00;NULL
TT00021990;2018-02-14;2018-02-17;15;3;1;69.95;0.00;NULL
TT00022001;2018-02-14;2018-02-16;22;12;1;288.95;0.00;NULL
TT00022012;2018-02-14;2018-02-16;32;5;1;99.95;4.00;SALE2018-02
TT00022023;2018-02-14;2018-02-15;20;13;1;308.95;0.00;NULL
TT00022034;2018-02-14;2018-02-16;22;12;1;288.95;0.00;NULL
TT00022045;2018-02-14;2018-02-16;11;18;1;119.95;0.00;NULL
TT00022056;2018-02-14;2018-02-15;23;5;1;99.95;0.00;NULL
TT00022067;2018-02-14;2018-02-16;13;11;1;168.95;0.00;NULL
TT00022078;2018-02-14;2018-02-15;2;12;1;288.95;0.00;NULL
TT00022089;2018-02-14;2018-02-15;22;8;1;168.95;0.00;NULL
TT00022090;2018-02-14;2018-02-16;9;6;1;258.95;10.40;SALE2018-02
TT00022101;2018-02-15;2018-02-21;10;10;1;154.95;0.00;NULL
TT00022112;2018-02-15;2018-02-17;35;3;1;69.95;0.00;NULL
TT00022123;2018-02-15;2018-02-18;43;3;1;69.95;0.00;NULL
TT00022134;2018-02-15;2018-02-18;43;13;1;308.95;0.00;NULL
TT00022145;2018-02-15;2018-02-17;32;6;1;258.95;0.00;NULL
TT00022156;2018-02-15;2018-02-18;5;12;1;288.95;0.00;NULL
TT00022167;2018-02-15;2018-02-18;30;3;1;69.95;0.00;NULL
TT00022178;2018-02-15;2018-02-17;9;12;1;288.95;0.00;NULL
TT00022189;2018-02-15;2018-02-17;33;11;1;168.95;0.00;NULL
TT00022190;2018-02-15;2018-02-15;3;10;1;154.95;0.00;NULL
TT00022201;2018-02-15;2018-02-17;10;3;1;69.95;0.00;NULL
TT00022212;2018-02-15;2018-02-17;23;3;1;69.95;0.00;NULL
TT00022223;2018-02-15;2018-02-18;22;3;1;69.95;0.00;NULL
TT00022234;2018-02-15;2018-02-17;43;6;1;258.95;10.40;SALE2018-02
TT00022245;2018-02-15;2018-02-17;5;5;1;99.95;0.00;NULL
TT00022256;2018-02-15;2018-02-17;13;8;1;168.95;0.00;NULL
TT00022267;2018-02-15;2018-02-18;9;6;1;258.95;10.40;SALE2018-02
TT00022278;2018-02-15;2018-02-17;41;2;1;178.95;0.00;NULL
TT00022289;2018-02-15;2018-02-18;25;8;1;168.95;0.00;NULL
TT00022290;2018-02-15;2018-02-17;49;3;1;69.95;0.00;NULL
TT00022301;2018-02-15;2018-02-17;15;6;1;258.95;0.00;NULL
TT00022312;2018-02-15;2018-02-17;3;5;1;99.95;0.00;NULL
TT00022323;2018-02-15;2018-02-16;20;5;1;99.95;0.00;NULL
TT00022334;2018-02-15;2018-02-16;26;2;1;178.95;0.00;NULL
TT00022345;2018-02-15;2018-02-17;23;18;1;119.95;0.00;NULL
TT00022356;2018-02-15;2018-02-18;17;8;1;168.95;0.00;NULL
TT00022367;2018-02-15;2018-02-18;43;12;1;288.95;28.90;SALE2018-02
TT00022378;2018-02-15;2018-02-17;49;5;1;99.95;0.00;NULL
TT00022389;2018-02-15;2018-02-18;49;13;1;308.95;0.00;NULL
TT00022390;2018-02-15;2018-02-18;43;6;1;258.95;10.40;SALE2018-02
TT00022401;2018-02-15;2018-02-17;22;11;1;168.95;0.00;NULL
TT00022412;2018-02-15;2018-02-17;38;6;1;258.95;25.90;SALE2018-02
TT00022423;2018-02-15;2018-02-17;5;6;1;258.95;0.00;NULL
TT00022434;2018-02-15;2018-02-17;11;2;1;178.95;0.00;NULL
TT00022445;2018-02-16;2018-02-16;15;12;1;288.95;0.00;NULL
TT00022456;2018-02-16;2018-02-18;36;12;1;288.95;11.60;SALE2018-02
TT00022467;2018-02-16;2018-02-18;46;12;1;288.95;0.00;NULL
TT00022478;2018-02-16;2018-02-17;23;12;1;288.95;0.00;NULL
TT00022489;2018-02-16;2018-02-18;5;5;1;99.95;0.00;NULL
TT00022490;2018-02-16;2018-02-19;5;2;1;178.95;0.00;NULL
TT00022501;2018-02-16;2018-02-17;18;3;1;69.95;0.00;NULL
TT00022512;2018-02-16;2018-02-18;47;9;1;138.95;0.00;NULL
TT00022523;2018-02-16;2018-02-18;38;3;1;69.95;0.00;NULL
TT00022534;2018-02-16;2018-02-17;20;6;1;258.95;0.00;NULL
TT00022545;2018-02-16;2018-02-19;5;11;1;168.95;0.00;NULL
TT00022556;2018-02-16;2018-02-17;42;12;1;288.95;0.00;NULL
TT00022567;2018-02-16;2018-02-19;47;13;1;308.95;0.00;NULL
TT00022578;2018-02-16;2018-02-18;4;11;1;168.95;0.00;NULL
TT00022589;2018-02-16;2018-02-19;5;2;1;178.95;0.00;NULL
TT00022590;2018-02-16;2018-02-19;43;2;1;178.95;0.00;NULL
TT00022601;2018-02-16;2018-02-19;3;9;1;138.95;0.00;NULL
TT00022612;2018-02-16;2018-02-23;32;3;2;69.95;0.00;NULL
TT00022623;2018-02-16;2018-02-19;32;12;1;288.95;0.00;NULL
TT00022634;2018-02-16;2018-02-18;5;3;1;69.95;0.00;NULL
TT00022645;2018-02-16;2018-02-17;27;3;1;69.95;0.00;NULL
TT00022656;2018-02-16;2018-02-18;47;8;1;168.95;0.00;NULL
TT00022667;2018-02-16;2018-02-17;42;6;1;258.95;0.00;NULL
TT00022678;2018-02-16;2018-02-18;49;3;1;69.95;0.00;NULL
TT00022689;2018-02-16;2018-02-19;30;3;1;69.95;0.00;NULL
TT00022690;2018-02-17;2018-02-20;25;3;1;69.95;0.00;NULL
TT00022701;2018-02-17;2018-02-18;48;2;1;178.95;0.00;NULL
TT00022712;2018-02-17;2018-02-20;15;5;1;99.95;0.00;NULL
TT00022723;2018-02-17;2018-02-20;3;2;1;178.95;0.00;NULL
TT00022734;2018-02-17;2018-02-19;24;11;1;168.95;0.00;NULL
TT00022745;2018-02-17;2018-02-20;45;12;1;288.95;0.00;NULL
TT00022756;2018-02-17;2018-02-17;6;12;1;288.95;28.90;SALE2018-02
TT00022767;2018-02-17;2018-02-19;34;3;1;69.95;0.00;NULL
TT00022778;2018-02-17;2018-02-20;32;6;1;258.95;0.00;NULL
TT00022789;2018-02-17;2018-02-20;5;3;1;69.95;0.00;NULL
TT00022790;2018-02-17;2018-02-18;40;5;1;99.95;4.00;SALE2018-02
TT00022801;2018-02-17;2018-02-19;30;11;1;168.95;0.00;NULL
TT00022812;2018-02-17;2018-02-19;35;9;1;138.95;0.00;NULL
TT00022823;2018-02-17;2018-02-19;28;11;1;168.95;0.00;NULL
TT00022834;2018-02-17;2018-02-19;32;13;1;308.95;0.00;NULL
TT00022845;2018-02-17;2018-02-19;5;6;1;258.95;0.00;NULL
TT00022856;2018-02-17;2018-02-20;1;6;1;258.95;0.00;NULL
TT00022867;2018-02-17;2018-02-19;42;12;1;288.95;0.00;NULL
TT00022878;2018-02-17;2018-02-19;43;3;1;69.95;0.00;NULL
TT00022889;2018-02-17;2018-02-25;15;10;1;154.95;0.00;NULL
TT00022890;2018-02-17;2018-02-19;14;3;1;69.95;0.00;NULL
TT00022901;2018-02-17;2018-02-23;25;10;1;154.95;0.00;NULL
TT00022912;2018-02-17;2018-02-19;10;8;1;168.95;16.90;SALE2018-02
TT00022923;2018-02-17;2018-02-20;16;6;1;258.95;0.00;NULL
TT00022934;2018-02-17;2018-02-20;37;8;1;168.95;0.00;NULL
TT00022945;2018-02-17;2018-02-19;50;8;1;168.95;0.00;NULL
TT00022956;2018-02-17;2018-02-20;47;3;1;69.95;7.00;SALE2018-02
TT00022967;2018-02-17;2018-02-19;32;3;1;69.95;0.00;NULL
TT00022978;2018-02-17;2018-02-19;38;3;1;69.95;0.00;NULL
TT00022989;2018-02-18;2018-02-19;38;3;1;69.95;0.00;NULL
TT00022990;2018-02-18;2018-02-20;4;9;1;138.95;0.00;NULL
TT00023001;2018-02-18;2018-02-20;43;12;1;288.95;28.90;SALE2018-02
TT00023012;2018-02-18;2018-02-20;5;12;1;288.95;0.00;NULL
TT00023023;2018-02-18;2018-02-21;1;10;1;154.95;6.20;SALE2018-02
TT00023034;2018-02-18;2018-02-20;19;8;1;168.95;0.00;NULL
TT00023045;2018-02-18;2018-02-21;19;6;1;258.95;0.00;NULL
TT00023056;2018-02-18;2018-02-19;5;3;1;69.95;0.00;NULL
TT00023067;2018-02-18;2018-02-21;5;3;1;69.95;0.00;NULL
TT00023078;2018-02-18;2018-02-25;9;3;2;69.95;0.00;NULL
TT00023089;2018-02-18;2018-02-20;5;3;3;69.95;0.00;NULL
TT00023090;2018-02-18;2018-02-18;25;3;1;69.95;0.00;NULL
TT00023101;2018-02-18;2018-02-21;5;12;1;288.95;0.00;NULL
TT00023112;2018-02-18;2018-02-19;22;6;1;258.95;0.00;NULL
TT00023123;2018-02-18;2018-02-18;13;6;1;258.95;0.00;NULL
TT00023134;2018-02-18;2018-02-21;43;3;1;69.95;0.00;NULL
TT00023145;2018-02-18;2018-02-25;10;3;1;69.95;0.00;NULL
TT00023156;2018-02-18;2018-02-21;42;10;1;154.95;0.00;NULL
TT00023167;2018-02-18;2018-02-21;18;3;1;69.95;0.00;NULL
TT00023178;2018-02-18;2018-02-20;10;11;1;168.95;0.00;NULL
TT00023189;2018-02-19;2018-02-26;33;12;1;288.95;0.00;NULL
TT00023190;2018-02-19;2018-02-21;22;3;1;69.95;0.00;NULL
TT00023201;2018-02-19;2018-02-21;13;3;1;69.95;0.00;NULL
TT00023212;2018-02-19;2018-02-20;30;9;1;138.95;0.00;NULL
TT00023223;2018-02-19;2018-02-21;5;12;1;288.95;0.00;NULL
TT00023234;2018-02-19;2018-02-22;42;2;1;178.95;0.00;NULL
TT00023245;2018-02-19;2018-02-22;12;6;1;258.95;0.00;NULL
TT00023256;2018-02-19;2018-02-21;38;6;1;258.95;25.90;SALE2018-02
TT00023267;2018-02-19;2018-02-21;16;2;1;178.95;17.90;SALE2018-02
TT00023278;2018-02-19;2018-02-22;3;12;1;288.95;0.00;NULL
TT00023289;2018-02-19;2018-02-21;35;12;1;288.95;0.00;NULL
TT00023290;2018-02-19;2018-02-21;3;3;1;69.95;0.00;NULL
TT00023301;2018-02-19;2018-02-22;19;10;1;154.95;0.00;NULL
TT00023312;2018-02-19;2018-02-21;5;18;1;119.95;0.00;NULL
TT00023323;2018-02-19;2018-02-21;5;2;1;178.95;0.00;NULL
TT00023334;2018-02-19;2018-02-22;43;5;1;99.95;0.00;NULL
TT00023345;2018-02-19;2018-02-25;30;3;1;69.95;0.00;NULL
TT00023356;2018-02-19;2018-02-22;47;6;1;258.95;0.00;NULL
TT00023367;2018-02-19;2018-02-22;29;2;1;178.95;7.20;SALE2018-02
TT00023378;2018-02-19;2018-02-26;42;3;1;69.95;0.00;NULL
TT00023389;2018-02-19;2018-02-22;9;11;1;168.95;6.80;SALE2018-02
TT00023390;2018-02-19;2018-02-22;33;13;1;308.95;0.00;NULL
TT00023401;2018-02-19;2018-02-22;8;10;1;154.95;0.00;NULL
TT00023412;2018-02-19;2018-02-27;24;18;1;119.95;0.00;NULL
TT00023423;2018-02-19;2018-02-22;44;12;1;288.95;0.00;NULL
TT00023434;2018-02-19;2018-02-22;46;6;1;258.95;0.00;NULL
TT00023445;2018-02-19;2018-02-21;32;12;1;288.95;0.00;NULL
TT00023456;2018-02-19;2018-02-21;23;12;1;288.95;0.00;NULL
TT00023467;2018-02-19;2018-02-19;38;5;1;99.95;4.00;SALE2018-02
TT00023478;2018-02-19;2018-02-21;33;10;1;154.95;0.00;NULL
TT00023489;2018-02-19;2018-02-22;32;10;1;154.95;0.00;NULL
TT00023490;2018-02-20;2018-02-22;15;12;1;288.95;0.00;NULL
TT00023501;2018-02-20;2018-02-21;13;18;1;119.95;0.00;NULL
TT00023512;2018-02-20;2018-02-22;49;8;1;168.95;0.00;NULL
TT00023523;2018-02-20;2018-02-23;37;18;1;119.95;12.00;SALE2018-02
TT00023534;2018-02-20;2018-02-21;38;3;1;69.95;0.00;NULL
TT00023545;2018-02-20;2018-02-23;33;3;1;69.95;0.00;NULL
TT00023556;2018-02-20;2018-02-27;7;6;1;258.95;0.00;NULL
TT00023567;2018-02-20;2018-02-22;20;2;1;178.95;0.00;NULL
TT00023578;2018-02-20;2018-02-23;2;8;1;168.95;0.00;NULL
TT00023589;2018-02-20;2018-02-22;48;5;1;99.95;0.00;NULL
TT00023590;2018-02-20;2018-02-22;5;2;1;178.95;0.00;NULL
TT00023601;2018-02-20;2018-02-23;16;13;1;308.95;0.00;NULL
TT00023612;2018-02-20;2018-02-22;6;12;1;288.95;28.90;SALE2018-02
TT00023623;2018-02-20;2018-02-22;5;3;1;69.95;0.00;NULL
TT00023634;2018-02-20;2018-02-22;25;11;1;168.95;0.00;NULL
TT00023645;2018-02-20;2018-02-23;28;6;1;258.95;0.00;NULL
TT00023656;2018-02-20;2018-02-23;14;3;1;69.95;0.00;NULL
TT00023667;2018-02-20;2018-02-22;18;6;1;258.95;0.00;NULL
TT00023678;2018-02-20;2018-02-22;5;8;1;168.95;0.00;NULL
TT00023689;2018-02-21;2018-02-21;16;18;1;119.95;0.00;NULL
TT00023690;2018-02-21;2018-03-01;9;18;1;119.95;0.00;NULL
TT00023701;2018-02-21;2018-02-23;32;8;1;168.95;0.00;NULL
TT00023712;2018-02-21;2018-02-23;5;3;1;69.95;0.00;NULL
TT00023723;2018-02-21;2018-02-23;14;11;1;168.95;0.00;NULL
TT00023734;2018-02-21;2018-02-23;17;5;1;99.95;0.00;NULL
TT00023745;2018-02-21;2018-02-23;42;8;1;168.95;0.00;NULL
TT00023756;2018-02-21;2018-02-24;9;2;1;178.95;0.00;NULL
TT00023767;2018-02-21;2018-02-23;49;12;1;288.95;0.00;NULL
TT00023778;2018-02-21;2018-02-27;10;2;1;178.95;0.00;NULL
TT00023789;2018-02-21;2018-02-22;22;6;1;258.95;0.00;NULL
TT00023790;2018-02-21;2018-02-24;27;10;1;154.95;0.00;NULL
TT00023801;2018-02-21;2018-02-23;28;12;1;288.95;0.00;NULL
TT00023812;2018-02-21;2018-02-28;33;3;1;69.95;0.00;NULL
TT00023823;2018-02-21;2018-02-23;5;12;2;288.95;0.00;NULL
TT00023834;2018-02-21;2018-02-23;43;18;1;119.95;0.00;NULL
TT00023845;2018-02-21;2018-02-22;10;10;1;154.95;0.00;NULL
TT00023856;2018-02-21;2018-02-24;13;13;1;308.95;0.00;NULL
TT00023867;2018-02-21;2018-02-23;35;13;1;308.95;12.40;SALE2018-02
TT00023878;2018-02-21;2018-02-22;22;3;1;69.95;0.00;NULL
TT00023889;2018-02-21;2018-02-23;15;8;1;168.95;0.00;NULL
TT00023890;2018-02-21;2018-02-24;17;3;1;69.95;0.00;NULL
TT00023901;2018-02-21;2018-02-28;5;5;1;99.95;0.00;NULL
TT00023912;2018-02-21;2018-02-23;17;6;1;258.95;0.00;NULL
TT00023923;2018-02-21;2018-02-22;5;6;1;258.95;0.00;NULL
TT00023934;2018-02-21;2018-02-28;6;11;1;168.95;0.00;NULL
TT00023945;2018-02-21;2018-02-23;24;12;1;288.95;0.00;NULL
TT00023956;2018-02-21;2018-02-24;7;11;1;168.95;6.80;SALE2018-02
TT00023967;2018-02-21;2018-02-22;3;6;1;258.95;0.00;NULL
TT00023978;2018-02-21;2018-02-23;9;3;1;69.95;0.00;NULL
TT00023989;2018-02-21;2018-02-23;44;8;1;168.95;6.80;SALE2018-02
TT00023990;2018-02-21;2018-02-23;38;3;1;69.95;0.00;NULL
TT00024001;2018-02-21;2018-02-23;8;2;1;178.95;0.00;NULL
TT00024012;2018-02-21;2018-02-27;5;6;1;258.95;0.00;NULL
TT00024023;2018-02-21;2018-02-23;19;3;1;69.95;0.00;NULL
TT00024034;2018-02-21;2018-02-23;43;12;1;288.95;28.90;SALE2018-02
TT00024045;2018-02-21;2018-02-24;21;13;1;308.95;0.00;NULL
TT00024056;2018-02-22;2018-02-24;12;10;1;154.95;0.00;NULL
TT00024067;2018-02-22;2018-02-24;13;10;1;154.95;0.00;NULL
TT00024078;2018-02-22;2018-02-24;9;12;1;288.95;0.00;NULL
TT00024089;2018-02-22;2018-02-24;32;8;1;168.95;0.00;NULL
TT00024090;2018-02-22;2018-02-25;9;6;1;258.95;10.40;SALE2018-02
TT00024101;2018-02-22;2018-02-24;49;10;1;154.95;0.00;NULL
TT00024112;2018-02-22;2018-02-24;13;6;1;258.95;0.00;NULL
TT00024123;2018-02-22;2018-02-24;9;6;1;258.95;10.40;SALE2018-02
TT00024134;2018-02-22;2018-02-24;38;3;1;69.95;0.00;NULL
TT00024145;2018-02-22;2018-02-23;24;13;1;308.95;0.00;NULL
TT00024156;2018-02-22;2018-02-25;7;8;1;168.95;0.00;NULL
TT00024167;2018-02-22;2018-02-25;32;3;1;69.95;0.00;NULL
TT00024178;2018-02-22;2018-02-25;35;3;1;69.95;0.00;NULL
TT00024189;2018-02-22;2018-02-24;32;12;2;288.95;0.00;NULL
TT00024190;2018-02-22;2018-02-24;38;18;1;119.95;0.00;NULL
TT00024201;2018-02-22;2018-02-24;20;11;1;168.95;6.80;SALE2018-02
TT00024212;2018-02-22;2018-02-24;16;11;1;168.95;6.80;SALE2018-02
TT00024223;2018-02-22;2018-02-24;10;6;1;258.95;0.00;NULL
TT00024234;2018-02-22;2018-02-25;32;18;1;119.95;0.00;NULL
TT00024245;2018-02-22;2018-03-01;22;3;1;69.95;0.00;NULL
TT00024256;2018-02-22;2018-02-25;33;6;1;258.95;0.00;NULL
TT00024267;2018-02-22;2018-02-25;5;10;1;154.95;0.00;NULL
TT00024278;2018-02-22;2018-02-24;28;5;1;99.95;0.00;NULL
TT00024289;2018-02-22;2018-02-28;5;9;1;138.95;0.00;NULL
TT00024290;2018-02-22;2018-02-25;21;2;1;178.95;0.00;NULL
TT00024301;2018-02-22;2018-02-24;36;5;1;99.95;0.00;NULL
TT00024312;2018-02-23;2018-02-25;18;10;1;154.95;6.20;SALE2018-02
TT00024323;2018-02-23;2018-02-26;3;2;1;178.95;0.00;NULL
TT00024334;2018-02-23;2018-02-25;38;8;1;168.95;0.00;NULL
TT00024345;2018-02-23;2018-02-25;3;10;1;154.95;0.00;NULL
TT00024356;2018-02-23;2018-02-25;21;18;1;119.95;0.00;NULL
TT00024367;2018-02-23;2018-02-26;5;5;1;99.95;0.00;NULL
TT00024378;2018-02-23;2018-02-24;16;12;1;288.95;0.00;NULL
TT00024389;2018-02-23;2018-02-25;1;3;1;69.95;0.00;NULL
TT00024390;2018-02-23;2018-02-26;12;12;1;288.95;0.00;NULL
TT00024401;2018-02-23;2018-02-24;14;12;1;288.95;0.00;NULL
TT00024412;2018-02-23;2018-02-25;9;3;2;69.95;0.00;NULL
TT00024423;2018-02-23;2018-02-25;16;3;1;69.95;0.00;NULL
TT00024434;2018-02-23;2018-02-25;23;2;1;178.95;0.00;NULL
TT00024445;2018-02-23;2018-02-26;21;3;1;69.95;0.00;NULL
TT00024456;2018-02-23;2018-02-26;32;2;1;178.95;0.00;NULL
TT00024467;2018-02-23;2018-03-02;41;6;1;258.95;0.00;NULL
TT00024478;2018-02-23;2018-03-02;40;6;1;258.95;0.00;NULL
TT00024489;2018-02-23;2018-02-26;20;18;1;119.95;0.00;NULL
TT00024490;2018-02-23;2018-02-26;28;8;1;168.95;0.00;NULL
TT00024501;2018-02-23;2018-02-24;13;10;1;154.95;0.00;NULL
TT00024512;2018-02-23;2018-02-26;5;11;1;168.95;0.00;NULL
TT00024523;2018-02-23;2018-02-25;35;12;1;288.95;0.00;NULL
TT00024534;2018-02-23;2018-02-26;46;12;1;288.95;0.00;NULL
TT00024545;2018-02-23;2018-03-01;6;3;1;69.95;0.00;NULL
TT00024556;2018-02-23;2018-02-25;7;12;1;288.95;0.00;NULL
TT00024567;2018-02-23;2018-02-26;2;2;1;178.95;0.00;NULL
TT00024578;2018-02-23;2018-02-25;17;3;1;69.95;0.00;NULL
TT00024589;2018-02-23;2018-02-24;43;6;1;258.95;10.40;SALE2018-02
TT00024590;2018-02-23;2018-02-26;37;11;1;168.95;0.00;NULL
TT00024601;2018-02-23;2018-02-25;38;2;1;178.95;0.00;NULL
TT00024612;2018-02-23;2018-02-25;4;18;1;119.95;0.00;NULL
TT00024623;2018-02-23;2018-02-25;9;12;1;288.95;0.00;NULL
TT00024634;2018-02-23;2018-02-26;12;2;1;178.95;0.00;NULL
TT00024645;2018-02-23;2018-02-25;13;2;1;178.95;0.00;NULL
TT00024656;2018-02-24;2018-02-26;5;10;1;154.95;0.00;NULL
TT00024667;2018-02-24;2018-02-25;32;10;1;154.95;0.00;NULL
TT00024678;2018-02-24;2018-03-02;5;11;1;168.95;0.00;NULL
TT00024689;2018-02-24;2018-02-26;37;3;1;69.95;0.00;NULL
TT00024690;2018-02-24;2018-02-27;4;5;1;99.95;0.00;NULL
TT00024701;2018-02-24;2018-03-03;31;9;1;138.95;0.00;NULL
TT00024712;2018-02-24;2018-02-26;5;8;1;168.95;0.00;NULL
TT00024723;2018-02-24;2018-02-25;5;6;1;258.95;0.00;NULL
TT00024734;2018-02-24;2018-02-26;23;10;1;154.95;6.20;SALE2018-02
TT00024745;2018-02-24;2018-02-26;5;11;1;168.95;0.00;NULL
TT00024756;2018-02-24;2018-02-26;9;5;1;99.95;0.00;NULL
TT00024767;2018-02-24;2018-03-03;37;2;1;178.95;0.00;NULL
TT00024778;2018-02-24;2018-03-03;42;6;1;258.95;0.00;NULL
TT00024789;2018-02-24;2018-02-26;6;18;1;119.95;4.80;SALE2018-02
TT00024790;2018-02-24;2018-03-02;9;8;1;168.95;0.00;NULL
TT00024801;2018-02-24;2018-03-03;5;3;2;69.95;0.00;NULL
TT00024812;2018-02-24;2018-03-02;43;3;1;69.95;0.00;NULL
TT00024823;2018-02-24;2018-03-03;34;8;1;168.95;0.00;NULL
TT00024834;2018-02-25;2018-02-28;25;12;1;288.95;0.00;NULL
TT00024845;2018-02-25;2018-02-27;5;10;1;154.95;0.00;NULL
TT00024856;2018-02-25;2018-02-27;8;8;1;168.95;0.00;NULL
TT00024867;2018-02-25;2018-02-27;33;11;1;168.95;0.00;NULL
TT00024878;2018-02-25;2018-02-28;38;12;1;288.95;0.00;NULL
TT00024889;2018-02-25;2018-02-27;31;12;1;288.95;0.00;NULL
TT00024890;2018-02-25;2018-03-04;38;9;1;138.95;0.00;NULL
TT00024901;2018-02-25;2018-02-27;32;6;1;258.95;0.00;NULL
TT00024912;2018-02-25;2018-02-28;16;3;1;69.95;0.00;NULL
TT00024923;2018-02-25;2018-02-28;36;2;1;178.95;17.90;SALE2018-02
TT00024934;2018-02-25;2018-02-26;22;12;1;288.95;0.00;NULL
TT00024945;2018-02-25;2018-02-27;1;12;1;288.95;0.00;NULL
TT00024956;2018-02-25;2018-02-28;21;11;1;168.95;0.00;NULL
TT00024967;2018-02-25;2018-02-27;13;10;1;154.95;0.00;NULL
TT00024978;2018-02-25;2018-02-27;10;3;1;69.95;0.00;NULL
TT00024989;2018-02-25;2018-02-26;14;6;1;258.95;0.00;NULL
TT00024990;2018-02-25;2018-02-27;32;3;2;69.95;0.00;NULL
TT00025001;2018-02-25;2018-02-27;22;3;1;69.95;0.00;NULL
TT00025012;2018-02-25;2018-02-28;13;3;1;69.95;0.00;NULL
TT00025023;2018-02-25;2018-02-28;16;3;1;69.95;0.00;NULL
TT00025034;2018-02-25;2018-02-27;13;12;1;288.95;0.00;NULL
TT00025045;2018-02-25;2018-02-28;37;12;1;288.95;0.00;NULL
TT00025056;2018-02-25;2018-03-03;46;10;1;154.95;0.00;NULL
TT00025067;2018-02-25;2018-03-03;40;8;1;168.95;0.00;NULL
TT00025078;2018-02-25;2018-02-27;9;8;1;168.95;0.00;NULL
TT00025089;2018-02-25;2018-02-27;5;18;1;119.95;0.00;NULL
TT00025090;2018-02-25;2018-03-05;40;3;1;69.95;0.00;NULL
TT00025101;2018-02-25;2018-02-27;28;2;1;178.95;0.00;NULL
TT00025112;2018-02-25;2018-02-27;7;12;1;288.95;0.00;NULL
TT00025123;2018-02-25;2018-02-27;27;6;1;258.95;0.00;NULL
TT00025134;2018-02-25;2018-03-05;46;3;1;69.95;0.00;NULL
TT00025145;2018-02-25;2018-02-26;33;12;1;288.95;0.00;NULL
TT00025156;2018-02-25;2018-02-27;18;5;1;99.95;0.00;NULL
TT00025167;2018-02-25;2018-02-28;13;11;1;168.95;0.00;NULL
TT00025178;2018-02-25;2018-02-28;3;12;1;288.95;0.00;NULL
TT00025189;2018-02-25;2018-02-27;5;12;1;288.95;0.00;NULL
TT00025190;2018-02-25;2018-02-27;3;6;1;258.95;0.00;NULL
TT00025201;2018-02-25;2018-02-27;9;5;1;99.95;0.00;NULL
TT00025212;2018-02-25;2018-02-26;44;5;1;99.95;0.00;NULL
TT00025223;2018-02-26;2018-02-28;28;10;1;154.95;0.00;NULL
TT00025234;2018-02-26;2018-03-05;32;9;1;138.95;0.00;NULL
TT00025245;2018-02-26;2018-02-28;6;9;1;138.95;0.00;NULL
TT00025256;2018-02-26;2018-02-28;5;2;1;178.95;0.00;NULL
TT00025267;2018-02-26;2018-03-01;17;18;1;119.95;0.00;NULL
TT00025278;2018-02-26;2018-03-01;43;3;2;69.95;0.00;NULL
TT00025289;2018-02-26;2018-02-28;22;5;1;99.95;0.00;NULL
TT00025290;2018-02-26;2018-02-28;43;3;2;69.95;0.00;NULL
TT00025301;2018-02-26;2018-02-28;22;9;1;138.95;0.00;NULL
TT00025312;2018-02-26;2018-03-01;1;11;1;168.95;0.00;NULL
TT00025323;2018-02-26;2018-03-04;22;12;1;288.95;0.00;NULL
TT00025334;2018-02-26;2018-02-28;44;12;1;288.95;0.00;NULL
TT00025345;2018-02-26;2018-03-01;36;10;1;154.95;0.00;NULL
TT00025356;2018-02-26;2018-03-01;43;6;1;258.95;10.40;SALE2018-02
TT00025367;2018-02-26;2018-03-01;36;3;1;69.95;0.00;NULL
TT00025378;2018-02-26;2018-03-01;47;18;1;119.95;0.00;NULL
TT00025389;2018-02-26;2018-02-28;46;6;1;258.95;0.00;NULL
TT00025390;2018-02-26;2018-02-28;14;8;1;168.95;0.00;NULL
TT00025401;2018-02-26;2018-03-01;32;6;1;258.95;0.00;NULL
TT00025412;2018-02-26;2018-03-01;43;11;1;168.95;16.90;SALE2018-02
TT00025423;2018-02-26;2018-02-27;5;6;2;258.95;0.00;NULL
TT00025434;2018-02-26;2018-02-28;4;12;1;288.95;0.00;NULL
TT00025445;2018-02-26;2018-02-28;36;8;1;168.95;0.00;NULL
TT00025456;2018-02-26;2018-02-28;23;8;1;168.95;0.00;NULL
TT00025467;2018-02-26;2018-02-28;14;6;1;258.95;0.00;NULL
TT00025478;2018-02-26;2018-02-28;19;11;1;168.95;0.00;NULL
TT00025489;2018-02-26;2018-03-01;5;6;1;258.95;0.00;NULL
TT00025490;2018-02-27;2018-03-05;6;3;1;69.95;0.00;NULL
TT00025501;2018-02-27;2018-02-28;13;12;1;288.95;0.00;NULL
TT00025512;2018-02-27;2018-03-02;32;2;1;178.95;0.00;NULL
TT00025523;2018-02-27;2018-03-02;10;2;1;178.95;0.00;NULL
TT00025534;2018-02-27;2018-03-01;38;3;1;69.95;0.00;NULL
TT00025545;2018-02-27;2018-02-27;16;6;1;258.95;0.00;NULL
TT00025556;2018-02-27;2018-03-05;9;12;2;288.95;0.00;NULL
TT00025567;2018-02-27;2018-03-02;43;6;1;258.95;10.40;SALE2018-02
TT00025578;2018-02-27;2018-03-02;17;12;1;288.95;0.00;NULL
TT00025589;2018-02-27;2018-03-02;40;13;1;308.95;12.40;SALE2018-02
TT00025590;2018-02-27;2018-03-01;5;12;1;288.95;0.00;NULL
TT00025601;2018-02-27;2018-03-01;44;18;1;119.95;0.00;NULL
TT00025612;2018-02-27;2018-03-06;23;6;1;258.95;0.00;NULL
TT00025623;2018-02-27;2018-02-28;33;3;1;69.95;0.00;NULL
TT00025634;2018-02-27;2018-03-02;19;12;1;288.95;0.00;NULL
TT00025645;2018-02-27;2018-03-02;43;11;1;168.95;16.90;SALE2018-02
TT00025656;2018-02-27;2018-03-01;13;3;1;69.95;0.00;NULL
TT00025667;2018-02-27;2018-03-01;15;13;1;308.95;0.00;NULL
TT00025678;2018-02-27;2018-03-01;44;3;1;69.95;0.00;NULL
TT00025689;2018-02-27;2018-03-01;40;2;1;178.95;0.00;NULL
TT00025690;2018-02-27;2018-03-01;38;12;1;288.95;0.00;NULL
TT00025701;2018-02-27;2018-03-01;18;11;1;168.95;0.00;NULL
TT00025712;2018-02-27;2018-03-02;32;12;2;288.95;0.00;NULL
TT00025723;2018-02-27;2018-03-01;3;12;1;288.95;0.00;NULL
TT00025734;2018-02-27;2018-02-28;25;12;1;288.95;0.00;NULL
TT00025745;2018-02-27;2018-03-02;4;3;1;69.95;0.00;NULL
TT00025756;2018-02-27;2018-03-02;29;5;1;99.95;4.00;SALE2018-02
TT00025767;2018-02-27;2018-03-06;9;6;1;258.95;10.40;SALE2018-02
TT00025778;2018-02-28;2018-03-02;43;10;1;154.95;0.00;NULL
TT00025789;2018-02-28;2018-03-07;38;6;1;258.95;25.90;SALE2018-02
TT00025790;2018-02-28;2018-03-03;20;8;1;168.95;6.80;SALE2018-02
TT00025801;2018-02-28;2018-03-02;23;3;1;69.95;0.00;NULL
TT00025812;2018-02-28;2018-03-02;11;12;1;288.95;0.00;NULL
TT00025823;2018-02-28;2018-03-03;39;11;1;168.95;0.00;NULL
TT00025834;2018-02-28;2018-03-02;2;11;1;168.95;0.00;NULL
TT00025845;2018-02-28;2018-03-03;46;6;1;258.95;0.00;NULL
TT00025856;2018-02-28;2018-03-01;4;12;1;288.95;0.00;NULL
TT00025867;2018-02-28;2018-03-01;4;3;1;69.95;0.00;NULL
TT00025878;2018-02-28;2018-03-01;18;18;1;119.95;0.00;NULL
TT00025889;2018-02-28;2018-03-03;6;8;1;168.95;0.00;NULL
TT00025890;2018-02-28;2018-03-03;5;3;2;69.95;0.00;NULL
TT00025901;2018-02-28;2018-03-02;43;8;1;168.95;0.00;NULL
TT00025912;2018-02-28;2018-03-02;13;3;1;69.95;0.00;NULL
TT00025923;2018-02-28;2018-03-03;7;6;1;258.95;0.00;NULL
TT00025934;2018-02-28;2018-03-02;32;3;1;69.95;0.00;NULL
TT00025945;2018-02-28;2018-03-03;22;6;1;258.95;0.00;NULL
TT00025956;2018-02-28;2018-03-02;34;11;1;168.95;0.00;NULL
TT00025967;2018-02-28;2018-03-02;40;6;1;258.95;0.00;NULL
TT00025978;2018-02-28;2018-03-02;15;18;1;119.95;0.00;NULL
TT00025989;2018-02-28;2018-03-01;1;18;1;119.95;0.00;NULL
TT00025990;2018-02-28;2018-03-02;38;10;1;154.95;0.00;NULL
TT00026001;2018-03-01;2018-03-04;1;12;1;288.95;0.00;NULL
TT00026012;2018-03-01;2018-03-03;32;10;1;154.95;0.00;NULL
TT00026023;2018-03-01;2018-03-03;35;10;1;154.95;0.00;NULL
TT00026034;2018-03-01;2018-03-04;6;8;1;168.95;0.00;NULL
TT00026045;2018-03-01;2018-03-04;38;10;2;154.95;0.00;NULL
TT00026056;2018-03-01;2018-03-04;36;3;1;69.95;0.00;NULL
TT00026067;2018-03-01;2018-03-04;22;10;1;154.95;0.00;NULL
TT00026078;2018-03-01;2018-03-03;10;18;1;119.95;12.00;SALE2018-03
TT00026089;2018-03-01;2018-03-02;20;10;1;154.95;0.00;NULL
TT00026090;2018-03-01;2018-03-02;28;10;1;154.95;0.00;NULL
TT00026101;2018-03-01;2018-03-07;9;10;1;154.95;0.00;NULL
TT00026112;2018-03-01;2018-03-08;32;10;1;154.95;0.00;NULL
TT00026123;2018-03-01;2018-03-03;5;13;1;308.95;0.00;NULL
TT00026134;2018-03-01;2018-03-03;26;1;1;64.95;0.00;NULL
TT00026145;2018-03-01;2018-03-03;13;6;2;258.95;0.00;NULL
TT00026156;2018-03-01;2018-03-02;14;2;1;178.95;0.00;NULL
TT00026167;2018-03-01;2018-03-01;32;3;1;69.95;0.00;NULL
TT00026178;2018-03-01;2018-03-03;13;6;1;258.95;0.00;NULL
TT00026189;2018-03-01;2018-03-04;44;10;1;154.95;0.00;NULL
TT00026190;2018-03-01;2018-03-03;18;10;1;154.95;15.50;SALE2018-03
TT00026201;2018-03-01;2018-03-03;5;6;1;258.95;0.00;NULL
TT00026212;2018-03-01;2018-03-03;34;2;1;178.95;0.00;NULL
TT00026223;2018-03-01;2018-03-08;9;6;2;258.95;0.00;NULL
TT00026234;2018-03-01;2018-03-03;30;11;1;168.95;0.00;NULL
TT00026245;2018-03-01;2018-03-02;30;2;1;178.95;0.00;NULL
TT00026256;2018-03-01;2018-03-03;31;5;1;99.95;4.00;SALE2018-03
TT00026267;2018-03-01;2018-03-02;14;6;1;258.95;25.90;SALE2018-03
TT00026278;2018-03-01;2018-03-07;17;3;1;69.95;0.00;NULL
TT00026289;2018-03-01;2018-03-04;24;3;1;69.95;7.00;SALE2018-03
TT00026290;2018-03-01;2018-03-03;9;3;1;69.95;0.00;NULL
TT00026301;2018-03-01;2018-03-04;35;11;1;168.95;0.00;NULL
TT00026312;2018-03-01;2018-03-03;3;10;2;154.95;0.00;NULL
TT00026323;2018-03-01;2018-03-02;32;10;1;154.95;0.00;NULL
TT00026334;2018-03-01;2018-03-03;18;3;1;69.95;7.00;SALE2018-03
TT00026345;2018-03-01;2018-03-04;43;12;2;288.95;0.00;NULL
TT00026356;2018-03-01;2018-03-07;19;1;1;64.95;0.00;NULL
TT00026367;2018-03-01;2018-03-03;43;10;3;154.95;0.00;NULL
TT00026378;2018-03-01;2018-03-08;25;18;1;119.95;0.00;NULL
TT00026389;2018-03-01;2018-03-04;5;10;1;154.95;15.50;SALE2018-03
TT00026390;2018-03-01;2018-03-04;22;7;1;249.95;0.00;NULL
TT00026401;2018-03-01;2018-03-04;13;10;2;154.95;0.00;NULL
TT00026412;2018-03-01;2018-03-03;45;11;1;168.95;0.00;NULL
TT00026423;2018-03-01;2018-03-02;36;2;1;178.95;0.00;NULL
TT00026434;2018-03-01;2018-03-03;43;3;1;69.95;0.00;NULL
TT00026445;2018-03-01;2018-03-08;32;11;1;168.95;0.00;NULL
TT00026456;2018-03-01;2018-03-09;7;6;1;258.95;0.00;NULL
TT00026467;2018-03-01;2018-03-03;5;10;1;154.95;15.50;SALE2018-03
TT00026478;2018-03-01;2018-03-08;25;3;1;69.95;0.00;NULL
TT00026489;2018-03-01;2018-03-04;12;11;1;168.95;0.00;NULL
TT00026490;2018-03-01;2018-03-03;9;11;2;168.95;0.00;NULL
TT00026501;2018-03-01;2018-03-03;13;3;1;69.95;0.00;NULL
TT00026512;2018-03-01;2018-03-02;12;10;1;154.95;0.00;NULL
TT00026523;2018-03-01;2018-03-03;5;8;1;168.95;16.90;SALE2018-03
TT00026534;2018-03-01;2018-03-03;44;3;1;69.95;0.00;NULL
TT00026545;2018-03-01;2018-03-09;13;18;1;119.95;0.00;NULL
TT00026556;2018-03-01;2018-03-08;33;10;1;154.95;0.00;NULL
TT00026567;2018-03-01;2018-03-04;5;5;1;99.95;0.00;NULL
TT00026578;2018-03-01;2018-03-08;42;8;1;168.95;0.00;NULL
TT00026589;2018-03-01;2018-03-04;16;10;1;154.95;0.00;NULL
TT00026590;2018-03-01;2018-03-03;15;6;1;258.95;0.00;NULL
TT00026601;2018-03-01;2018-03-03;43;10;2;154.95;0.00;NULL
TT00026612;2018-03-01;2018-03-02;5;8;3;168.95;50.70;SALE2018-03
TT00026623;2018-03-01;2018-03-08;46;10;1;154.95;0.00;NULL
TT00026634;2018-03-01;2018-03-04;14;3;1;69.95;7.00;SALE2018-03
TT00026645;2018-03-01;2018-03-03;13;5;1;99.95;4.00;SALE2018-03
TT00026656;2018-03-01;2018-03-09;47;10;1;154.95;0.00;NULL
TT00026667;2018-03-01;2018-03-02;48;1;1;64.95;0.00;NULL
TT00026678;2018-03-01;2018-03-03;43;3;1;69.95;0.00;NULL
TT00026689;2018-03-01;2018-03-04;47;18;1;119.95;0.00;NULL
TT00026690;2018-03-01;2018-03-02;33;16;1;49.95;0.00;NULL
TT00026701;2018-03-01;2018-03-03;48;12;1;288.95;0.00;NULL
TT00026712;2018-03-01;2018-03-03;43;11;2;168.95;0.00;NULL
TT00026723;2018-03-01;2018-03-04;33;13;1;308.95;0.00;NULL
TT00026734;2018-03-01;2018-03-03;3;3;1;69.95;0.00;NULL
TT00026745;2018-03-01;2018-03-03;30;11;1;168.95;0.00;NULL
TT00026756;2018-03-01;2018-03-03;43;10;1;154.95;0.00;NULL
TT00026767;2018-03-01;2018-03-03;42;3;1;69.95;0.00;NULL
TT00026778;2018-03-01;2018-03-08;30;10;1;154.95;0.00;NULL
TT00026789;2018-03-01;2018-03-04;6;3;1;69.95;0.00;NULL
TT00026790;2018-03-01;2018-03-03;39;18;1;119.95;0.00;NULL
TT00026801;2018-03-02;2018-03-05;11;10;1;154.95;0.00;NULL
TT00026812;2018-03-02;2018-03-05;21;11;1;168.95;0.00;NULL
TT00026823;2018-03-02;2018-03-05;14;3;1;69.95;7.00;SALE2018-03
TT00026834;2018-03-02;2018-03-04;5;11;1;168.95;0.00;NULL
TT00026845;2018-03-02;2018-03-04;33;10;1;154.95;0.00;NULL
TT00026856;2018-03-02;2018-03-08;29;10;1;154.95;6.20;SALE2018-03
TT00026867;2018-03-02;2018-03-04;38;2;1;178.95;0.00;NULL
TT00026878;2018-03-02;2018-03-05;43;6;2;258.95;0.00;NULL
TT00026889;2018-03-02;2018-03-05;13;18;1;119.95;0.00;NULL
TT00026890;2018-03-02;2018-03-04;20;10;1;154.95;0.00;NULL
TT00026901;2018-03-02;2018-03-05;41;12;1;288.95;11.60;SALE2018-03
TT00026912;2018-03-02;2018-03-04;5;12;1;288.95;0.00;NULL
TT00026923;2018-03-02;2018-03-04;13;10;1;154.95;0.00;NULL
TT00026934;2018-03-02;2018-03-04;17;10;1;154.95;0.00;NULL
TT00026945;2018-03-02;2018-03-04;37;9;1;138.95;0.00;NULL
TT00026956;2018-03-02;2018-03-04;47;10;1;154.95;0.00;NULL
TT00026967;2018-03-02;2018-03-05;9;3;1;69.95;0.00;NULL
TT00026978;2018-03-02;2018-03-04;42;3;1;69.95;0.00;NULL
TT00026989;2018-03-02;2018-03-03;21;3;1;69.95;0.00;NULL
TT00026990;2018-03-02;2018-03-05;13;11;1;168.95;0.00;NULL
TT00027001;2018-03-02;2018-03-09;27;13;1;308.95;0.00;NULL
TT00027012;2018-03-02;2018-03-08;10;6;1;258.95;0.00;NULL
TT00027023;2018-03-02;2018-03-03;22;10;1;154.95;0.00;NULL
TT00027034;2018-03-02;2018-03-09;10;10;1;154.95;15.50;SALE2018-03
TT00027045;2018-03-02;2018-03-08;23;10;1;154.95;0.00;NULL
TT00027056;2018-03-02;2018-03-05;5;12;1;288.95;0.00;NULL
TT00027067;2018-03-02;2018-03-04;37;10;1;154.95;0.00;NULL
TT00027078;2018-03-02;2018-03-08;5;6;1;258.95;0.00;NULL
TT00027089;2018-03-02;2018-03-05;32;6;1;258.95;10.40;SALE2018-03
TT00027090;2018-03-02;2018-03-10;9;13;1;308.95;0.00;NULL
TT00027101;2018-03-02;2018-03-03;5;11;1;168.95;0.00;NULL
TT00027112;2018-03-02;2018-03-04;4;12;1;288.95;0.00;NULL
TT00027123;2018-03-02;2018-03-04;5;10;1;154.95;15.50;SALE2018-03
TT00027134;2018-03-02;2018-03-05;5;10;1;154.95;15.50;SALE2018-03
TT00027145;2018-03-02;2018-03-04;12;10;1;154.95;0.00;NULL
TT00027156;2018-03-02;2018-03-04;43;8;1;168.95;0.00;NULL
TT00027167;2018-03-02;2018-03-03;46;3;1;69.95;0.00;NULL
TT00027178;2018-03-02;2018-03-05;25;10;1;154.95;0.00;NULL
TT00027189;2018-03-02;2018-03-03;5;10;1;154.95;15.50;SALE2018-03
TT00027190;2018-03-02;2018-03-05;1;12;1;288.95;0.00;NULL
TT00027201;2018-03-02;2018-03-03;10;3;1;69.95;0.00;NULL
TT00027212;2018-03-02;2018-03-09;35;2;1;178.95;0.00;NULL
TT00027223;2018-03-02;2018-03-04;5;3;3;69.95;0.00;NULL
TT00027234;2018-03-02;2018-03-05;17;10;2;154.95;0.00;NULL
TT00027245;2018-03-02;2018-03-05;5;3;3;69.95;0.00;NULL
TT00027256;2018-03-02;2018-03-03;17;11;1;168.95;0.00;NULL
TT00027267;2018-03-02;2018-03-05;5;11;1;168.95;0.00;NULL
TT00027278;2018-03-02;2018-03-04;13;12;2;288.95;57.80;SALE2018-03
TT00027289;2018-03-02;2018-03-03;43;11;1;168.95;0.00;NULL
TT00027290;2018-03-02;2018-03-05;22;10;1;154.95;0.00;NULL
TT00027301;2018-03-02;2018-03-04;45;16;1;49.95;0.00;NULL
TT00027312;2018-03-02;2018-03-04;14;6;1;258.95;25.90;SALE2018-03
TT00027323;2018-03-02;2018-03-03;9;10;1;154.95;0.00;NULL
TT00027334;2018-03-02;2018-03-04;10;10;1;154.95;15.50;SALE2018-03
TT00027345;2018-03-02;2018-03-05;5;10;1;154.95;15.50;SALE2018-03
TT00027356;2018-03-02;2018-03-05;20;10;1;154.95;0.00;NULL
TT00027367;2018-03-02;2018-03-04;45;12;1;288.95;0.00;NULL
TT00027378;2018-03-02;2018-03-04;25;10;1;154.95;0.00;NULL
TT00027389;2018-03-02;2018-03-05;30;3;2;69.95;14.00;SALE2018-03
TT00027390;2018-03-02;2018-03-03;18;10;1;154.95;15.50;SALE2018-03
TT00027401;2018-03-02;2018-03-04;1;10;1;154.95;0.00;NULL
TT00027412;2018-03-02;2018-03-03;43;10;1;154.95;0.00;NULL
TT00027423;2018-03-02;2018-03-04;14;10;1;154.95;0.00;NULL
